{"Val Loss":0.5535488833080638,"Val Accuracy":0.7407942238267148,"_wandb":{"runtime":28},"_timestamp":1.7307242314498606e+09,"_runtime":28.0678106,"_step":15,"Train Loss":0.5980491597076942,"Train Accuracy":0.6901967864235422}