{"Val Loss":48.68295016233949,"Train Loss":48.08425145327873,"Val Accuracy":0.5140794223826715,"Train Accuracy":0.5065896371186135,"_runtime":126.4122552,"Training and Validation History":{"_type":"image-file","sha256":"f2caa8bd744d419f57bdedce94d3807d390352252e104d3a8f04f7527cf93034","size":55999,"path":"media/images/Training and Validation History_30_f2caa8bd744d419f57bd.png","format":"png","width":1200,"height":400},"_timestamp":1.730722924480975e+09,"_wandb":{"runtime":126},"_step":30}