{"Val Loss":0.486648291349411,"Val Accuracy":0.7436823104693141,"_wandb":{"runtime":50},"Train Accuracy":0.7615092977071674,"_timestamp":1.7307242960647438e+09,"_runtime":50.0542826,"_step":37,"Train Loss":0.483674673170879}