{"_runtime":24.7916835,"Val Accuracy":0.5140794223826715,"_wandb":{"runtime":24},"Train Accuracy":0.4937714388878859,"Train Loss":50.715183564986305,"_timestamp":1.7307233891893585e+09,"_step":22,"Val Loss":48.91387176513672,"Training and Validation History":{"sha256":"f2caa8bd744d419f57bdedce94d3807d390352252e104d3a8f04f7527cf93034","size":55999,"path":"media/images/Training and Validation History_22_f2caa8bd744d419f57bd.png","format":"png","width":1200,"height":400,"_type":"image-file"}}