{"Val Accuracy":0.5140794223826715,"Train Loss":47.703286279549545,"Train Accuracy":0.5024372630438707,"_wandb":{"runtime":26},"_timestamp":1.7307238559318655e+09,"_step":12,"_runtime":26.6272093,"Val Loss":48.887310548262164,"Training and Validation History":{"height":400,"_type":"image-file","sha256":"f2caa8bd744d419f57bdedce94d3807d390352252e104d3a8f04f7527cf93034","size":55999,"path":"media/images/Training and Validation History_12_f2caa8bd744d419f57bd.png","format":"png","width":1200}}