{"Val Loss":0.68600529093634,"Val Accuracy":0.7436823104693141,"_wandb":{"runtime":70},"_timestamp":1.730725146079421e+09,"_runtime":70.6273684,"_step":33,"Train Loss":0.4948143955619856,"Train Accuracy":0.7521213215381838}