{"Train Accuracy":0.5011734970211229,"Val Loss":48.68295016233949,"Training and Validation History":{"height":400,"_type":"image-file","sha256":"f2caa8bd744d419f57bdedce94d3807d390352252e104d3a8f04f7527cf93034","size":55999,"path":"media/images/Training and Validation History_16_f2caa8bd744d419f57bd.png","format":"png","width":1200},"_runtime":62.0600586,"_wandb":{"runtime":62},"Val Accuracy":0.5140794223826715,"_timestamp":1.7307236668753736e+09,"Train Loss":49.0129347974354,"_step":16}