{"_step":22,"_timestamp":1.7307227892910845e+09,"_runtime":50.0435416,"_wandb":{"runtime":50},"Train Accuracy":0.49395197689113557,"Val Accuracy":0.48592057761732854,"Train Loss":50.688457883637525,"Training and Validation History":{"height":400,"_type":"image-file","sha256":"f2caa8bd744d419f57bdedce94d3807d390352252e104d3a8f04f7527cf93034","size":55999,"path":"media/images/Training and Validation History_22_f2caa8bd744d419f57bd.png","format":"png","width":1200},"Val Loss":51.112689365040175}