{"Val Loss":48.91387176513672,"_runtime":42.9835351,"Training and Validation History":{"format":"png","width":1200,"height":400,"_type":"image-file","sha256":"f2caa8bd744d419f57bdedce94d3807d390352252e104d3a8f04f7527cf93034","size":55999,"path":"media/images/Training and Validation History_36_f2caa8bd744d419f57bd.png"},"_timestamp":1.730723439449653e+09,"Train Loss":50.54343690543339,"Val Accuracy":0.5140794223826715,"_wandb":{"runtime":42},"Train Accuracy":0.49431305289763494,"_step":36}