{"Train Accuracy":0.4964795089366312,"Val Loss":48.887310548262164,"_runtime":32.3926239,"_timestamp":1.730722435872582e+09,"Train Loss":50.610632183908045,"_step":12,"Val Accuracy":0.5140794223826715,"_wandb":{"runtime":32},"Training and Validation History":{"sha256":"f2caa8bd744d419f57bdedce94d3807d390352252e104d3a8f04f7527cf93034","size":55999,"path":"media/images/Training and Validation History_12_f2caa8bd744d419f57bd.png","format":"png","width":1200,"height":400,"_type":"image-file"}}