{"Train Loss":0.39098588146012403,"Train Accuracy":0.813143166636577,"Val Loss":0.6090907481583682,"Val Accuracy":0.8108303249097473,"_wandb":{"runtime":52},"_timestamp":1.7307255560234873e+09,"_runtime":52.4525542,"_step":41}