{"Train Accuracy":0.7432749593789493,"Val Loss":0.510584606365724,"Val Accuracy":0.7306859205776173,"_wandb":{"runtime":170},"_timestamp":1.730725058211034e+09,"_runtime":170.8272562,"_step":79,"Train Loss":0.5202327228483112}