{"Train Accuracy":0.4990070409821267,"_runtime":15.4756124,"Val Accuracy":0.5140794223826715,"_timestamp":1.7307233525332134e+09,"Training and Validation History":{"_type":"image-file","sha256":"f2caa8bd744d419f57bdedce94d3807d390352252e104d3a8f04f7527cf93034","size":55999,"path":"media/images/Training and Validation History_12_f2caa8bd744d419f57bd.png","format":"png","width":1200,"height":400},"_wandb":{"runtime":15},"Train Loss":50.07483155699982,"_step":12,"Val Loss":48.91387176513672}