{"_wandb":{"runtime":14},"Training and Validation History":{"path":"media/images/Training and Validation History_12_f2caa8bd744d419f57bd.png","format":"png","width":1200,"height":400,"_type":"image-file","sha256":"f2caa8bd744d419f57bdedce94d3807d390352252e104d3a8f04f7527cf93034","size":55999},"Val Accuracy":0.5140794223826715,"Val Loss":48.91387176513672,"Train Loss":50.37010947041128,"Train Accuracy":0.4964795089366312,"_step":12,"_timestamp":1.7307235288569684e+09,"_runtime":14.918377}