{"Train Accuracy":0.718902328940242,"_wandb":{"runtime":180},"_step":72,"Train Loss":0.5686704297175352,"_timestamp":1.7307203625124002e+09,"Training and Validation History":{"size":63384,"path":"media/images/Training and Validation History_72_0da7dd748055c0ac3668.png","format":"png","width":1200,"height":400,"_type":"image-file","sha256":"0da7dd748055c0ac36686a2f68345c53a9658325d19929a445075401588ae6fd"},"_runtime":180.2491541,"Val Accuracy":0.711913357400722,"Val Loss":0.562320390208201}