{"_runtime":566.3935544,"_timestamp":1.7307200496203387e+09,"Training and Validation History":{"size":64844,"path":"media/images/Training and Validation History_74_790054d3038eaed5a747.png","format":"png","width":1200,"height":400,"_type":"image-file","sha256":"790054d3038eaed5a74745bc096014b7450e0d9dd7e762ddf791030e7062bc89"},"Train Accuracy":0.7329842931937173,"_wandb":{"runtime":566},"_step":74,"Val Loss":0.5590997873382135,"Val Accuracy":0.7407942238267148,"Train Loss":0.5567662909455683}