{"Train Loss":49.60975024748261,"Val Accuracy":0.48592057761732854,"_runtime":50.9717054,"Train Accuracy":0.5035204910633688,"Val Loss":51.31704979381342,"Training and Validation History":{"width":1200,"height":400,"_type":"image-file","sha256":"f2caa8bd744d419f57bdedce94d3807d390352252e104d3a8f04f7527cf93034","size":55999,"path":"media/images/Training and Validation History_12_f2caa8bd744d419f57bd.png","format":"png"},"_step":12,"_timestamp":1.7307235007674866e+09,"_wandb":{"runtime":50}}