{"_timestamp":1.7307229707426596e+09,"Training and Validation History":{"path":"media/images/Training and Validation History_24_f2caa8bd744d419f57bd.png","format":"png","width":1200,"height":400,"_type":"image-file","sha256":"f2caa8bd744d419f57bdedce94d3807d390352252e104d3a8f04f7527cf93034","size":55999},"_step":24,"Train Accuracy":0.4979238129626286,"_wandb":{"runtime":29},"Val Loss":48.91387176513672,"Train Loss":50.20720387601305,"_runtime":29.6804437,"Val Accuracy":0.5140794223826715}