{"_timestamp":1.7307231181397505e+09,"Val Loss":51.086127974770285,"Train Loss":49.893780806968955,"Training and Validation History":{"_type":"image-file","sha256":"f2caa8bd744d419f57bdedce94d3807d390352252e104d3a8f04f7527cf93034","size":55999,"path":"media/images/Training and Validation History_12_f2caa8bd744d419f57bd.png","format":"png","width":1200,"height":400},"_wandb":{"runtime":15},"_step":12,"Val Accuracy":0.48592057761732854,"Train Accuracy":0.5009929590178732,"_runtime":15.2539903}