{"_timestamp":1.730722390920894e+09,"Val Loss":48.887310548262164,"Val Accuracy":0.5140794223826715,"Train Accuracy":0.4973821989528796,"Training and Validation History":{"path":"media/images/Training and Validation History_22_39655f50bd4fa65cea79.png","format":"png","width":1200,"height":400,"_type":"image-file","sha256":"39655f50bd4fa65cea799b2f468ac11a012727d0bedf68873a2c0bb9210d50c2","size":54341},"Train Loss":50.156042340158045,"_runtime":67.641936,"_step":22,"_wandb":{"runtime":67}}