{"_timestamp":1.73072260541798e+09,"_wandb":{"runtime":132},"Train Accuracy":0.50857555515436,"Training and Validation History":{"width":1200,"height":400,"_type":"image-file","sha256":"f2caa8bd744d419f57bdedce94d3807d390352252e104d3a8f04f7527cf93034","size":55999,"path":"media/images/Training and Validation History_22_f2caa8bd744d419f57bd.png","format":"png"},"_step":22,"Val Loss":51.31704979381342,"_runtime":132.0667248,"Val Accuracy":0.48592057761732854,"Train Loss":49.105427480912006}