{"_wandb":{"runtime":14},"_step":12,"Val Accuracy":0.5140794223826715,"_timestamp":1.730722727207636e+09,"_runtime":14.6721302,"Train Loss":50.30993433108275,"Val Loss":48.91387176513672,"Train Accuracy":0.49666004693988086,"Training and Validation History":{"width":1200,"height":400,"_type":"image-file","sha256":"f2caa8bd744d419f57bdedce94d3807d390352252e104d3a8f04f7527cf93034","size":55999,"path":"media/images/Training and Validation History_12_f2caa8bd744d419f57bd.png","format":"png"}}