{"_timestamp":1.7307246350185199e+09,"Val Loss":0.10777858187529174,"Val Accuracy":0.9797833935018051,"_wandb":{"runtime":120},"_runtime":120.9865849,"_step":99,"Train Loss":0.025770143017001534,"Train Accuracy":0.9940422458927605}