{"_runtime":15.3078644,"Train Accuracy":0.4959378949268821,"Training and Validation History":{"format":"png","width":1200,"height":400,"_type":"image-file","sha256":"f2caa8bd744d419f57bdedce94d3807d390352252e104d3a8f04f7527cf93034","size":55999,"path":"media/images/Training and Validation History_12_f2caa8bd744d419f57bd.png"},"_wandb":{"runtime":15},"_step":12,"Val Accuracy":0.5140794223826715,"Val Loss":48.91387176513672,"Train Loss":50.33492476364662,"_timestamp":1.7307230429314153e+09}