{"Train Accuracy":0.9969308539447553,"_timestamp":1.7307244998267577e+09,"_runtime":93.1122437,"_step":71,"Val Loss":0.11786154391963712,"Val Accuracy":0.9783393501805054,"_wandb":{"runtime":93},"Train Loss":0.01441736925318409}