{"_runtime":93.6965973,"_step":39,"Val Loss":0.25349866289814765,"Val Accuracy":0.9379061371841155,"_wandb":{"runtime":93},"Train Loss":0.12041081145577047,"Train Accuracy":0.9655172413793104,"_timestamp":1.7307243988379693e+09}