{"Train Loss":49.70067052731569,"Val Accuracy":0.48592057761732854,"_wandb":{"runtime":51},"Val Loss":51.112689365040175,"_timestamp":1.7307233189291625e+09,"Training and Validation History":{"height":400,"_type":"image-file","sha256":"f2caa8bd744d419f57bdedce94d3807d390352252e104d3a8f04f7527cf93034","size":55999,"path":"media/images/Training and Validation History_22_f2caa8bd744d419f57bd.png","format":"png","width":1200},"Train Accuracy":0.5038815670698682,"_step":22,"_runtime":51.6168575}