{"Train Loss":0.44845626597431887,"Train Accuracy":0.8019498104350966,"_timestamp":1.7307261328636649e+09,"_runtime":143.8036908,"Val Loss":0.45997840572487225,"Val Accuracy":0.776173285198556,"_wandb":{"runtime":143},"_step":69}