{"_step":99,"Val Loss":0.18109874579716811,"Val Accuracy":0.9487364620938629,"_wandb":{"runtime":116},"Train Loss":0.1262856447833708,"Train Accuracy":0.9689474634410543,"_timestamp":1.7307254869678109e+09,"_runtime":116.9257528}