{"Val Loss":0.47342390431599185,"Val Accuracy":0.8,"_wandb":{"runtime":204},"Train Loss":0.46077852071016684,"Train Accuracy":0.8095324065715833,"_timestamp":1.730725360520256e+09,"_runtime":204.4764969,"_step":99}