{"Train Accuracy":0.8286694349160498,"Val Loss":0.4301350784712824,"Val Accuracy":0.8137184115523466,"_wandb":{"runtime":407},"_timestamp":1.730725979847979e+09,"_runtime":407.4701201,"_step":99,"Train Loss":0.4110072439359313}