{"Val Accuracy":0.5140794223826715,"Val Loss":48.91387176513672,"_timestamp":1.7307235498144033e+09,"Train Loss":50.84259357671628,"_step":12,"Training and Validation History":{"height":400,"_type":"image-file","sha256":"f2caa8bd744d419f57bdedce94d3807d390352252e104d3a8f04f7527cf93034","size":55999,"path":"media/images/Training and Validation History_12_f2caa8bd744d419f57bd.png","format":"png","width":1200},"Train Accuracy":0.4916049828488897,"_wandb":{"runtime":14},"_runtime":14.4057613}