{"Train Accuracy":0.501715111030872,"_runtime":88.9634566,"Val Accuracy":0.48592057761732854,"_step":22,"Training and Validation History":{"width":1200,"height":400,"_type":"image-file","sha256":"f2caa8bd744d419f57bdedce94d3807d390352252e104d3a8f04f7527cf93034","size":55999,"path":"media/images/Training and Validation History_22_f2caa8bd744d419f57bd.png","format":"png"},"_wandb":{"runtime":88},"Val Loss":51.31704979381342,"Train Loss":49.78986552125782,"_timestamp":1.7307239614015405e+09}