{"Val Accuracy":0.48592057761732854,"Train Accuracy":0.5046037190828669,"_runtime":26.5693758,"Val Loss":51.112689365040175,"_step":12,"Training and Validation History":{"size":55999,"path":"media/images/Training and Validation History_12_f2caa8bd744d419f57bd.png","format":"png","width":1200,"height":400,"_type":"image-file","sha256":"f2caa8bd744d419f57bdedce94d3807d390352252e104d3a8f04f7527cf93034"},"_timestamp":1.7307238129923627e+09,"_wandb":{"runtime":26},"Train Loss":47.63601563990801}