{"_wandb":{"runtime":30},"Val Loss":48.887310548262164,"_runtime":30.4270439,"_step":14,"Training and Validation History":{"width":1200,"height":400,"_type":"image-file","sha256":"f2caa8bd744d419f57bdedce94d3807d390352252e104d3a8f04f7527cf93034","size":55999,"path":"media/images/Training and Validation History_14_f2caa8bd744d419f57bd.png","format":"png"},"_timestamp":1.730723587558549e+09,"Val Accuracy":0.5140794223826715,"Train Accuracy":0.5006318830113738,"Train Loss":49.528081828150256}