{"Val Accuracy":0.5140794223826715,"Val Loss":48.887310548262164,"_wandb":{"runtime":91},"Training and Validation History":{"height":400,"_type":"image-file","sha256":"f2caa8bd744d419f57bdedce94d3807d390352252e104d3a8f04f7527cf93034","size":55999,"path":"media/images/Training and Validation History_42_f2caa8bd744d419f57bd.png","format":"png","width":1200},"_timestamp":1.7307237660720758e+09,"Train Loss":50.53879310344828,"_runtime":91.1271837,"Train Accuracy":0.4972016609496299,"_step":42}