{"_wandb":{"runtime":46},"Train Accuracy":0.5033399530601191,"Training and Validation History":{"path":"media/images/Training and Validation History_34_f2caa8bd744d419f57bd.png","format":"png","width":1200,"height":400,"_type":"image-file","sha256":"f2caa8bd744d419f57bdedce94d3807d390352252e104d3a8f04f7527cf93034","size":55999},"Train Loss":49.6603037954747,"_timestamp":1.7307226615575023e+09,"_runtime":46.2100422,"Val Accuracy":0.48592057761732854,"_step":34,"Val Loss":51.086127974770285}