{"_runtime":27.8770082,"_timestamp":1.7307227019618433e+09,"_step":12,"Val Loss":48.887310548262164,"Val Accuracy":0.5140794223826715,"_wandb":{"runtime":27},"Train Accuracy":0.49666004693988086,"Train Loss":50.56438428506084,"Training and Validation History":{"_type":"image-file","sha256":"f2caa8bd744d419f57bdedce94d3807d390352252e104d3a8f04f7527cf93034","size":55999,"path":"media/images/Training and Validation History_12_f2caa8bd744d419f57bd.png","format":"png","width":1200,"height":400}}