{"_step":22,"Val Accuracy":0.5140794223826715,"Train Accuracy":0.4959378949268821,"_timestamp":1.7307230878411071e+09,"Train Loss":50.39665437018734,"Val Loss":48.91387176513672,"_runtime":28.6603128,"_wandb":{"runtime":28},"Training and Validation History":{"height":400,"_type":"image-file","sha256":"f2caa8bd744d419f57bdedce94d3807d390352252e104d3a8f04f7527cf93034","size":55999,"path":"media/images/Training and Validation History_22_f2caa8bd744d419f57bd.png","format":"png","width":1200}}