{"_step":28,"_runtime":120.2205042,"Train Loss":50.1200768638413,"Train Accuracy":0.4991875789853764,"_timestamp":1.7307232498559191e+09,"Val Loss":48.68295016233949,"_wandb":{"runtime":120},"Val Accuracy":0.5140794223826715,"Training and Validation History":{"format":"png","width":1200,"height":400,"_type":"image-file","sha256":"f2caa8bd744d419f57bdedce94d3807d390352252e104d3a8f04f7527cf93034","size":55999,"path":"media/images/Training and Validation History_28_f2caa8bd744d419f57bd.png"}}