{"_wandb":{"runtime":37},"_step":30,"_timestamp":1.730723017376758e+09,"Train Loss":49.58846471501493,"Training and Validation History":{"format":"png","width":1200,"height":400,"_type":"image-file","sha256":"f2caa8bd744d419f57bdedce94d3807d390352252e104d3a8f04f7527cf93034","size":55999,"path":"media/images/Training and Validation History_30_f2caa8bd744d419f57bd.png"},"Train Accuracy":0.5040621050731179,"_runtime":37.839485,"Val Accuracy":0.48592057761732854,"Val Loss":51.086127974770285}