{"Train Accuracy":0.9611843293013179,"Val Loss":0.21362954547459428,"Val Accuracy":0.927797833935018,"_wandb":{"runtime":222},"_timestamp":1.7307248700413888e+09,"_runtime":222.5729751,"_step":99,"Train Loss":0.12639936663467308}